{
  "model": "qwen2.5-0.5b",
  "ppl_fp_perplexitytext": 34.44038391113281,
  "nll_mean_fp": 3.5392301082611084,
  "nll_fp_per_token": [
    11.80768871307373,
    4.669783115386963,
    1.1257870197296143,
    1.4578895568847656,
    0.33836016058921814,
    2.921907901763916,
    0.6125560998916626,
    2.6973915100097656,
    2.8790416717529297,
    0.26054105162620544,
    0.7837371826171875,
    2.9892115592956543,
    0.5791841149330139,
    7.4070844650268555,
    10.827649116516113,
    15.184795379638672,
    0.023534949868917465,
    0.2512516379356384,
    3.736722946166992,
    0.4566979706287384,
    10.080320358276367,
    4.806775093078613,
    8.022231101989746,
    7.353245735168457,
    0.07068026065826416,
    4.620433807373047,
    3.144002676010132,
    1.8537538051605225,
    0.8003990650177002,
    5.908313751220703,
    5.6943769454956055,
    0.1381506770849228,
    0.04338238015770912,
    1.2423797845840454,
    0.8764337301254272,
    7.6800689697265625,
    3.5164501667022705,
    4.768691539764404,
    0.2097090482711792,
    0.3650747835636139,
    0.9949689507484436,
    0.041152749210596085,
    0.9110051393508911,
    1.0339183807373047,
    5.555842399597168,
    10.917180061340332,
    4.599091053009033,
    6.464420318603516,
    5.628234386444092,
    6.772662162780762,
    0.5966716408729553,
    0.14321179687976837,
    0.19397252798080444,
    3.759019374847412,
    0.9989766478538513,
    3.756680488586426,
    0.33586883544921875,
    1.277571678161621,
    3.4465160369873047,
    1.0203250646591187,
    8.427729606628418,
    7.879070281982422,
    3.9485578536987305,
    5.697242736816406,
    1.5212557315826416,
    1.7198643684387207,
    5.509242057800293,
    5.493456840515137,
    0.2879081964492798,
    3.842855453491211,
    3.8017446994781494,
    0.9152518510818481,
    0.20238251984119415,
    0.6110883951187134,
    5.791059494018555,
    0.4256513714790344,
    0.20030046999454498,
    5.459635257720947,
    4.127598285675049,
    7.297863483428955,
    1.3262107372283936,
    7.052621364593506,
    3.039625644683838,
    10.640344619750977,
    0.22266097366809845,
    3.394124746322632,
    2.22578501701355,
    1.3149168491363525,
    2.700822591781616,
    6.90480899810791,
    4.541402816772461,
    6.00644588470459,
    7.716005802154541,
    5.379222393035889,
    6.186717987060547,
    3.271897792816162,
    1.051013469696045,
    2.300502300262451,
    1.2959182262420654
  ],
  "sonda1_model_norm": [
    {
      "label": "(a) smooth05_full",
      "smooth": true,
      "norm_FP": false,
      "ppl_int": 1337531.875,
      "ppl_ratio": 38836.14882027039
    },
    {
      "label": "(b) smooth05_norm_FP",
      "smooth": true,
      "norm_FP": true,
      "ppl_int": 1259310.5,
      "ppl_ratio": 36564.93793011783
    },
    {
      "label": "(c) naive_full",
      "smooth": false,
      "norm_FP": false,
      "ppl_int": 2107510.5,
      "ppl_ratio": 61193.00253557132
    },
    {
      "label": "(d) naive_norm_FP",
      "smooth": false,
      "norm_FP": true,
      "ppl_int": 775983.6875,
      "ppl_ratio": 22531.214794303272
    }
  ],
  "sonda2_per_token_nll": [
    {
      "label": "naive",
      "nll_mean_fp": 3.5392301082611084,
      "nll_mean_int": 14.561017990112305,
      "total_delta": 1091.1568603515625,
      "top10_tokens": [
        {
          "position": 84,
          "nll_fp": 0.22266097366809845,
          "nll_int": 22.929338455200195,
          "delta": 22.70667839050293
        },
        {
          "position": 43,
          "nll_fp": 1.0339183807373047,
          "nll_int": 20.394453048706055,
          "delta": 19.36053466796875
        },
        {
          "position": 69,
          "nll_fp": 3.842855453491211,
          "nll_int": 22.85885238647461,
          "delta": 19.0159969329834
        },
        {
          "position": 12,
          "nll_fp": 0.5791841149330139,
          "nll_int": 19.497943878173828,
          "delta": 18.918760299682617
        },
        {
          "position": 28,
          "nll_fp": 0.8003990650177002,
          "nll_int": 19.71453094482422,
          "delta": 18.91413116455078
        },
        {
          "position": 17,
          "nll_fp": 0.2512516379356384,
          "nll_int": 19.146711349487305,
          "delta": 18.89546012878418
        },
        {
          "position": 59,
          "nll_fp": 1.0203250646591187,
          "nll_int": 19.778928756713867,
          "delta": 18.758604049682617
        },
        {
          "position": 96,
          "nll_fp": 1.051013469696045,
          "nll_int": 19.710546493530273,
          "delta": 18.65953254699707
        },
        {
          "position": 19,
          "nll_fp": 0.4566979706287384,
          "nll_int": 18.791629791259766,
          "delta": 18.334932327270508
        },
        {
          "position": 40,
          "nll_fp": 0.9949689507484436,
          "nll_int": 18.867008209228516,
          "delta": 17.872039794921875
        }
      ],
      "top10_fraction_of_total": 0.17544377255137375
    },
    {
      "label": "pertok",
      "nll_mean_fp": 3.5392301082611084,
      "nll_mean_int": 13.5088472366333,
      "total_delta": 986.9920043945312,
      "top10_tokens": [
        {
          "position": 96,
          "nll_fp": 1.051013469696045,
          "nll_int": 22.192481994628906,
          "delta": 21.141468048095703
        },
        {
          "position": 77,
          "nll_fp": 5.459635257720947,
          "nll_int": 25.06865692138672,
          "delta": 19.60902214050293
        },
        {
          "position": 6,
          "nll_fp": 0.6125560998916626,
          "nll_int": 20.166379928588867,
          "delta": 19.553823471069336
        },
        {
          "position": 12,
          "nll_fp": 0.5791841149330139,
          "nll_int": 18.990938186645508,
          "delta": 18.411754608154297
        },
        {
          "position": 17,
          "nll_fp": 0.2512516379356384,
          "nll_int": 18.629180908203125,
          "delta": 18.3779296875
        },
        {
          "position": 28,
          "nll_fp": 0.8003990650177002,
          "nll_int": 18.94940185546875,
          "delta": 18.149002075195312
        },
        {
          "position": 38,
          "nll_fp": 0.2097090482711792,
          "nll_int": 18.333648681640625,
          "delta": 18.123939514160156
        },
        {
          "position": 32,
          "nll_fp": 0.04338238015770912,
          "nll_int": 18.02132797241211,
          "delta": 17.97794532775879
        },
        {
          "position": 19,
          "nll_fp": 0.4566979706287384,
          "nll_int": 18.19577407836914,
          "delta": 17.739076614379883
        },
        {
          "position": 7,
          "nll_fp": 2.6973915100097656,
          "nll_int": 20.394439697265625,
          "delta": 17.69704818725586
        }
      ],
      "top10_fraction_of_total": 0.1892426891874819
    },
    {
      "label": "smooth05",
      "nll_mean_fp": 3.5392301082611084,
      "nll_mean_int": 14.10633659362793,
      "total_delta": 1046.1435546875,
      "top10_tokens": [
        {
          "position": 75,
          "nll_fp": 0.4256513714790344,
          "nll_int": 20.792787551879883,
          "delta": 20.367136001586914
        },
        {
          "position": 58,
          "nll_fp": 3.4465160369873047,
          "nll_int": 23.488033294677734,
          "delta": 20.04151725769043
        },
        {
          "position": 78,
          "nll_fp": 4.127598285675049,
          "nll_int": 23.53995704650879,
          "delta": 19.4123592376709
        },
        {
          "position": 72,
          "nll_fp": 0.20238251984119415,
          "nll_int": 19.382034301757812,
          "delta": 19.179651260375977
        },
        {
          "position": 97,
          "nll_fp": 2.300502300262451,
          "nll_int": 20.929906845092773,